{
  "repoSenseVersion": "816bb1a856",
  "reportGeneratedTime": "Wed Oct 23 14:37:51 2019 UTC",
  "repos": [
    {
      "location": {
        "location": "https://github.com/AY1920S1-CS2103T-W12-3/main.git",
        "repoName": "main",
        "organization": "AY1920S1-CS2103T-W12-3"
      },
      "branch": "master",
      "displayName": "AY1920S1-CS2103T-W12-3/main[master]",
      "outputFolderName": "AY1920S1-CS2103T-W12-3_main_master"
    }
  ],
  "errorList": [],
  "sinceDate": "2019-09-23",
  "untilDate": "2019-10-23",
  "isSinceDateProvided": false,
  "isUntilDateProvided": false
}
