{
  "authorDailyContributionsMap": {
    "yewon0303": [
      {
        "insertions": 67,
        "deletions": 30,
        "date": "2019-10-07",
        "commitResults": [
          {
            "hash": "ae0c5002fda5debb4cf01ce2cc2c64f402e10173",
            "messageTitle": "Add Amount class, Update BankAccount, Transaction classes, Delete Balance class",
            "messageBody": "",
            "insertions": 67,
            "deletions": 30
          }
        ]
      },
      {
        "insertions": 15,
        "deletions": 11,
        "date": "2019-10-12",
        "commitResults": [
          {
            "hash": "88af422c18f2259702e16e68402c02197724b003",
            "messageTitle": "Update SplitCommand, SplitTransaction, BankAccount.  adds txn to BankAccount.transactions.",
            "messageBody": "",
            "insertions": 15,
            "deletions": 11
          }
        ]
      },
      {
        "insertions": 35,
        "deletions": 22,
        "date": "2019-10-14",
        "commitResults": [
          {
            "hash": "854a53a2c287364ad1abeb42f976e061e6273e29",
            "messageTitle": "Update HelpWindow link, Modify InCommand MESSAGE_USAGE",
            "messageBody": "",
            "insertions": 22,
            "deletions": 3
          },
          {
            "hash": "a2880f71b7fce0031f4edfee60f324b01845b1b2",
            "messageTitle": "Update InCommandParser to support addition of a new Transaction",
            "messageBody": "",
            "insertions": 1,
            "deletions": 1
          },
          {
            "hash": "133a7fa32b02b41f5566785766ce1cfb55c77188",
            "messageTitle": "Update checkstyle to pass checkstyle Main test",
            "messageBody": "",
            "insertions": 12,
            "deletions": 18
          }
        ]
      },
      {
        "insertions": 266,
        "deletions": 39,
        "date": "2019-10-19",
        "commitResults": [
          {
            "hash": "026229016c447989eb61fbe943209c8af341c7ef",
            "messageTitle": "Create Budget class, Update BankAccount with Budget, Incomplete implementation of deadline",
            "messageBody": "",
            "insertions": 85,
            "deletions": 0
          },
          {
            "hash": "e4cb53dfc2b52a637c6e06ec46016fdf51ec99d9",
            "messageTitle": "Fix checkstyle errors to pass gradle test",
            "messageBody": "",
            "insertions": 5,
            "deletions": 2
          },
          {
            "hash": "f8a84c401f62014c0ba50249f6080dd4c3bdf752",
            "messageTitle": "Update DateParser, Implement SetCommand for setting budget, Incomplete implementation of SetCommand",
            "messageBody": "",
            "insertions": 142,
            "deletions": 17
          },
          {
            "hash": "08e02698ec97a9ee991973b0afd12b15ea05cedf",
            "messageTitle": "Implement SetCommand fully, Improve DateParser to parse date for both SetCommand and InCommand",
            "messageBody": "",
            "insertions": 28,
            "deletions": 20
          },
          {
            "hash": "9ebcb8a472ae356265ca8edb4edfdea1c2876da1",
            "messageTitle": "Update AddCommandTest to pass gradle test",
            "messageBody": "",
            "insertions": 6,
            "deletions": 0
          }
        ]
      },
      {
        "insertions": 169,
        "deletions": 102,
        "date": "2019-10-21",
        "commitResults": [
          {
            "hash": "dc3db9f67eec7c8008df96b35f82c04b8d3a8434",
            "messageTitle": "Update JavaDoc on Model interface",
            "messageBody": "",
            "insertions": 1,
            "deletions": 2
          },
          {
            "hash": "d070b75b22df86d50f97a4e4cf48b181f3f9f8c2",
            "messageTitle": "Fix conflicts, Update SetCommand",
            "messageBody": "",
            "insertions": 8,
            "deletions": 22
          },
          {
            "hash": "14a1b1bc186d37fa458c8573b0173c40cf8853bb",
            "messageTitle": "Fix checkstyle errors",
            "messageBody": "",
            "insertions": 6,
            "deletions": 6
          },
          {
            "hash": "9e81df62bc9fa860ee4a29adcfe1d286aff95c15",
            "messageTitle": "Update UserGuide based on updated and new CLISyntax developed",
            "messageBody": "",
            "insertions": 31,
            "deletions": 33
          },
          {
            "hash": "dbbab38a5907386f38e3d9e2b1b0efc6e079ec56",
            "messageTitle": "Update Commands in UserGuide",
            "messageBody": "",
            "insertions": 24,
            "deletions": 5
          },
          {
            "hash": "a96577867c2f86c684f0cb5f0e954105d3e97f37",
            "messageTitle": "Update UserGuide with more commands and examples",
            "messageBody": "",
            "insertions": 13,
            "deletions": 1
          },
          {
            "hash": "2d2905758c6ad4b90ed6bf31ef5685f44fc7dfa0",
            "messageTitle": "Update Command Summary in UserGuide",
            "messageBody": "",
            "insertions": 48,
            "deletions": 12
          },
          {
            "hash": "f3d4d6bc5dbb30c17153e6d6a4e0dcbde02ec117",
            "messageTitle": "Fix grammar error",
            "messageBody": "",
            "insertions": 1,
            "deletions": 1
          },
          {
            "hash": "c68989bf8f1e5a8a88e629d7620772c58b6bfe3c",
            "messageTitle": "Add newline at the end of UserGuide",
            "messageBody": "",
            "insertions": 1,
            "deletions": 1
          },
          {
            "hash": "8daa910e65710831cb4729e269fe28d00869617d",
            "messageTitle": "Update Budget to take in optional tags, Set Budget to have default tag general if not specified by the user",
            "messageBody": "",
            "insertions": 30,
            "deletions": 13
          },
          {
            "hash": "658eb33b7541e161fc2fb47a1f8d91451cf396bc",
            "messageTitle": "Update MESSAGE_USAGE for all commands to ensure consistency in formatting",
            "messageBody": "",
            "insertions": 6,
            "deletions": 6
          }
        ]
      },
      {
        "insertions": 587,
        "deletions": 113,
        "date": "2019-10-22",
        "commitResults": [
          {
            "hash": "0e84d6e26cc0b678c4be9af16799b8bb44725b6c",
            "messageTitle": "Update SetCommand SUCESS_MESSAGE",
            "messageBody": "",
            "insertions": 7,
            "deletions": 2
          },
          {
            "hash": "75abfe182bb0b353af5a6489d9de4fe144ddd144",
            "messageTitle": "Update JavaDoc to match transaction methods, Refractor majorly to support Budget List in MainWindow",
            "messageBody": "",
            "insertions": 395,
            "deletions": 87
          },
          {
            "hash": "9359b52dccf90e637880d93640561f69cbbf02c0",
            "messageTitle": "Create JsonAdaptedBudget to store budget as a state in the bank account",
            "messageBody": "",
            "insertions": 104,
            "deletions": 10
          },
          {
            "hash": "3254cacbdab71bbec41cbdee279e6a3a39f174e9",
            "messageTitle": "Displays budget list on MainWindow",
            "messageBody": "",
            "insertions": 24,
            "deletions": 1
          },
          {
            "hash": "05067e406c567256082fa94775ef3e9a2d3d8912",
            "messageTitle": "Fix checkstyle errors",
            "messageBody": "",
            "insertions": 28,
            "deletions": 11
          },
          {
            "hash": "5b68dd812790f309654aaaec884ce1094b9ca973",
            "messageTitle": "Add missing method to AddCommandTest.java",
            "messageBody": "",
            "insertions": 6,
            "deletions": 1
          },
          {
            "hash": "ffb9e3824a7e0a03909e8858b8571a49fb993b5c",
            "messageTitle": "Add SetCommand description on DeveloperGuide, Design Consideration incomplete.",
            "messageBody": "",
            "insertions": 23,
            "deletions": 1
          }
        ]
      },
      {
        "insertions": 223,
        "deletions": 53,
        "date": "2019-10-23",
        "commitResults": [
          {
            "hash": "1d0c648bf15fc9acc699ea95b5b79860b26e7414",
            "messageTitle": "Update ModelClassDiagram.puml for DeveloperGuide",
            "messageBody": "",
            "insertions": 65,
            "deletions": 11
          },
          {
            "hash": "03198af0f07c4e0befaa27187927ed9eb4eb9f87",
            "messageTitle": "Export ModelClassDiagram and add to DeveloperGuide",
            "messageBody": "",
            "insertions": 0,
            "deletions": 0
          },
          {
            "hash": "7fd5281b9a99301e9cd4d32ae7b22fd98226f797",
            "messageTitle": "Update JsonBankAccountStorage to support storage of Budgets in a BankAccount",
            "messageBody": "",
            "insertions": 6,
            "deletions": 0
          },
          {
            "hash": "6fb335766e87a13b080ed6802f54e08b87963688",
            "messageTitle": "Update DeleteCommand to support deletion of both transaction and budget",
            "messageBody": "",
            "insertions": 73,
            "deletions": 16
          },
          {
            "hash": "7880eef55f5a2676e7cf0d5c07b444c4bb616694",
            "messageTitle": "Update UpdateCommand to take in type as parameter",
            "messageBody": "",
            "insertions": 28,
            "deletions": 16
          },
          {
            "hash": "e744aa8e2c39f271ef4ece77538909662a621f97",
            "messageTitle": "Fix checkstyle errors",
            "messageBody": "",
            "insertions": 5,
            "deletions": 1
          },
          {
            "hash": "c65b3a93a75b19d6f2d6962cea47184862acfe6b",
            "messageTitle": "Fix gradle test errors",
            "messageBody": "",
            "insertions": 46,
            "deletions": 9
          }
        ]
      },
      {
        "insertions": 271,
        "deletions": 176,
        "date": "2019-10-24",
        "commitResults": [
          {
            "hash": "1014f88634b719b57a3d40b0679730f5177b1912",
            "messageTitle": "Fix test failures",
            "messageBody": "",
            "insertions": 6,
            "deletions": 5
          },
          {
            "hash": "7038f510f329d493d32d37bad4ce64a1423e2fb7",
            "messageTitle": "Fic checkstyle error",
            "messageBody": "",
            "insertions": 0,
            "deletions": 1
          },
          {
            "hash": "8886f950423fe18c93b2ef70943050cc0990240a",
            "messageTitle": "Fix test failures",
            "messageBody": "",
            "insertions": 3,
            "deletions": 3
          },
          {
            "hash": "fcbf1a492c038d96fbf04f8bf80efd1b65f512fe",
            "messageTitle": "Fix checkstyle error",
            "messageBody": "",
            "insertions": 4,
            "deletions": 3
          },
          {
            "hash": "b6d83d6b8f338b7f649925837132735f360bf7d4",
            "messageTitle": "ModelClassDiagram updated based on team meeting",
            "messageBody": "",
            "insertions": 75,
            "deletions": 46
          },
          {
            "hash": "eece9cd27453754452bc9c2d9102e83fd3868d6e",
            "messageTitle": "Update StorageClassDiagram",
            "messageBody": "",
            "insertions": 21,
            "deletions": 16
          },
          {
            "hash": "1cf8251303395e1cfb929b23ec29882342a3e7b4",
            "messageTitle": "Number the diagrams in DeveloperGuide using .Caption format to ensure consistent formatting",
            "messageBody": "",
            "insertions": 101,
            "deletions": 71
          },
          {
            "hash": "d8ce20d3d7738e49ade34cd3f28f4ad1e6c4da2b",
            "messageTitle": "Update Introduction, Design section of DeveloperGuide",
            "messageBody": "",
            "insertions": 61,
            "deletions": 31
          }
        ]
      }
    ],
    "joloong": [
      {
        "insertions": 1,
        "deletions": 0,
        "date": "2019-10-02",
        "commitResults": [
          {
            "hash": "c0e6e77efccbef3af2e4dab213079c3e3a9f7273",
            "messageTitle": "Add Netlify Status Badge",
            "messageBody": "",
            "insertions": 1,
            "deletions": 0
          }
        ]
      },
      {
        "insertions": 2,
        "deletions": 3,
        "date": "2019-10-08",
        "commitResults": [
          {
            "hash": "dd4b9be0860e635e92d3f851630991c112d87a7f",
            "messageTitle": "Update build.gradle to change site-name",
            "messageBody": "",
            "insertions": 2,
            "deletions": 3
          }
        ]
      },
      {
        "insertions": 394,
        "deletions": 69,
        "date": "2019-10-13",
        "commitResults": [
          {
            "hash": "ecbdcebcfb7381ff239b315e0c429816840d6644",
            "messageTitle": "Fix checkstyleMain errors",
            "messageBody": "",
            "insertions": 97,
            "deletions": 47
          },
          {
            "hash": "6c2d84a243799309c4fff214f1603cde15f73627",
            "messageTitle": "Fix gradle test error",
            "messageBody": "",
            "insertions": 6,
            "deletions": 0
          },
          {
            "hash": "9f2d76e1b01276bdcb15c2b1caa09fb788673cbf",
            "messageTitle": "Add 1 comment for addTransaction in Model",
            "messageBody": "",
            "insertions": 4,
            "deletions": 0
          },
          {
            "hash": "c19b9aab7de209713288e88fa1dbf4df3ebcfcc8",
            "messageTitle": "Implement equals method for transactions",
            "messageBody": "",
            "insertions": 47,
            "deletions": 0
          },
          {
            "hash": "e2a1f851fd5604f1287ab6ae646686894787fab7",
            "messageTitle": "Add equals method for amount",
            "messageBody": "",
            "insertions": 6,
            "deletions": 0
          },
          {
            "hash": "3087da4182da6362f2cc0fd868e8a2b4875d4459",
            "messageTitle": "Fix storage errors (INCOMPLETE)",
            "messageBody": "",
            "insertions": 234,
            "deletions": 22
          }
        ]
      },
      {
        "insertions": 324,
        "deletions": 70,
        "date": "2019-10-14",
        "commitResults": [
          {
            "hash": "87ada043255a192df36377766544f70cf1a42e09",
            "messageTitle": "Try to fix ListCommand",
            "messageBody": "",
            "insertions": 32,
            "deletions": 3
          },
          {
            "hash": "334490378de3e22ef5b94e92d35282511ad1afcf",
            "messageTitle": "Fix some checkstyleMain errors",
            "messageBody": "",
            "insertions": 41,
            "deletions": 16
          },
          {
            "hash": "68be0148e06f7c7b5ab0374c7e0ab3b2fc55ca8a",
            "messageTitle": "Fix some errors in testutil",
            "messageBody": "",
            "insertions": 251,
            "deletions": 51
          }
        ]
      },
      {
        "insertions": 317,
        "deletions": 294,
        "date": "2019-10-15",
        "commitResults": [
          {
            "hash": "fa7c3c8ef5cda7e174c626a5840489a2eaea4d99",
            "messageTitle": "Resolve almost all gradle test errors",
            "messageBody": "",
            "insertions": 199,
            "deletions": 139
          },
          {
            "hash": "457aafab33dbdc2427f8ece45be67c922935b6bd",
            "messageTitle": "Resolve some checkstyleTest errors",
            "messageBody": "",
            "insertions": 40,
            "deletions": 41
          },
          {
            "hash": "dc5fc638a44c135e48d5a7d2f62efb116dc4c71f",
            "messageTitle": "Resolve all checkstyleMain errors in DeleteCommand, BankAccount and JsonAdapted Transaction",
            "messageBody": "",
            "insertions": 26,
            "deletions": 20
          },
          {
            "hash": "b33ded30ef2d608bd6bfbc3f13d2d6b99d25106d",
            "messageTitle": "Comment out failing tests (Will fix it in the future)",
            "messageBody": "",
            "insertions": 46,
            "deletions": 88
          },
          {
            "hash": "6146912b34ce4a3e73944f74a367be65a703278e",
            "messageTitle": "Fix simple checkstyle error",
            "messageBody": "",
            "insertions": 2,
            "deletions": 2
          },
          {
            "hash": "e4d00a2016254a70c5817ad8d6e2a40c3964c4ad",
            "messageTitle": "Minor fix",
            "messageBody": "",
            "insertions": 3,
            "deletions": 3
          },
          {
            "hash": "be2ecca2834e143495f8a479d47f0d6625358f9e",
            "messageTitle": "Date is deprecated",
            "messageBody": "",
            "insertions": 1,
            "deletions": 1
          }
        ]
      },
      {
        "insertions": 586,
        "deletions": 66,
        "date": "2019-10-19",
        "commitResults": [
          {
            "hash": "a5fe04cdf518c05becbe890a1b8e7f92d86523ad",
            "messageTitle": "Build basic filter command",
            "messageBody": "",
            "insertions": 29,
            "deletions": 0
          },
          {
            "hash": "a5def51e63e39bc89b3f20d0674fede593f3dd15",
            "messageTitle": "Add tag inside filter command",
            "messageBody": "",
            "insertions": 21,
            "deletions": 1
          },
          {
            "hash": "b1a0695b29ad14dbcba94dcc58d6bde6cf7e03d0",
            "messageTitle": "Add equals method for InCommand",
            "messageBody": "",
            "insertions": 12,
            "deletions": 0
          },
          {
            "hash": "2f8383fd0e4b2247b9aaa898b5b880026b60f6a7",
            "messageTitle": "Build basic TransactionContainsTagsPredicate",
            "messageBody": "",
            "insertions": 32,
            "deletions": 0
          },
          {
            "hash": "ad90b340828033418d7aa08952bfd13b5b64489a",
            "messageTitle": "Use streams for test method",
            "messageBody": "",
            "insertions": 7,
            "deletions": 6
          },
          {
            "hash": "4b730bfa495c25733c4464d006b1882ac7444c62",
            "messageTitle": "Add getTagName method for Tag",
            "messageBody": "",
            "insertions": 4,
            "deletions": 0
          },
          {
            "hash": "f209bbb77a5ce3f08341b03408f5e0dd164f1e37",
            "messageTitle": "Improve filter",
            "messageBody": "",
            "insertions": 16,
            "deletions": 7
          },
          {
            "hash": "501c50e49260d24ea8cbe251f9285010e752ac79",
            "messageTitle": "Fix filter and add FilterCommandTest",
            "messageBody": "",
            "insertions": 92,
            "deletions": 10
          },
          {
            "hash": "ea8d61c4ea91388a1e86b64f36da5a46cfe5d538",
            "messageTitle": "Temporary fix for Date bug",
            "messageBody": "",
            "insertions": 6,
            "deletions": 4
          },
          {
            "hash": "f48dafdada6706226c4074a591d276b529f62482",
            "messageTitle": "Add one more test case for FilterCommandTest",
            "messageBody": "",
            "insertions": 22,
            "deletions": 0
          },
          {
            "hash": "7dc03631c35201b3b29a9bfa837e4a4b7004577b",
            "messageTitle": "Build FilterCommandParserTest",
            "messageBody": "",
            "insertions": 34,
            "deletions": 0
          },
          {
            "hash": "3dd17883fc2614f9b103d85fd3b506830f91f960",
            "messageTitle": "Add MessagesTest",
            "messageBody": "",
            "insertions": 15,
            "deletions": 0
          },
          {
            "hash": "bbd1a66f17775a235ffcda2d9a9d0b33320f2afe",
            "messageTitle": "Filter multiple tags",
            "messageBody": "",
            "insertions": 31,
            "deletions": 15
          },
          {
            "hash": "9285d5f239b7d92d317beddef599e2f1c7839f6e",
            "messageTitle": "Require tag for in commands",
            "messageBody": "",
            "insertions": 24,
            "deletions": 10
          },
          {
            "hash": "d9f110926b892c525c69c354e1ba1cb3f9b1968d",
            "messageTitle": "Make tag optional for InCommand",
            "messageBody": "",
            "insertions": 1,
            "deletions": 1
          },
          {
            "hash": "b84bd8c68de0017d1152892bbf253873fbe0b3ae",
            "messageTitle": "Add test cases for TransactionContainsTagsPredicateTest",
            "messageBody": "",
            "insertions": 77,
            "deletions": 1
          },
          {
            "hash": "473be387867a28b6ab4eb81285304e48d446abb8",
            "messageTitle": "Fix minor checkstyleTest error",
            "messageBody": "",
            "insertions": 9,
            "deletions": 4
          },
          {
            "hash": "45bc503b42876c1f5791a8afd6d3e06869a4eecb",
            "messageTitle": "Add test cases for Date",
            "messageBody": "",
            "insertions": 41,
            "deletions": 1
          },
          {
            "hash": "5b42abe0f5a016e09bee4524cf8f14d97ec11c2f",
            "messageTitle": "Add test cases for Time",
            "messageBody": "",
            "insertions": 65,
            "deletions": 3
          },
          {
            "hash": "7a5922121f10b362feb31f06716d7c338e1a6998",
            "messageTitle": "Minor change",
            "messageBody": "",
            "insertions": 1,
            "deletions": 1
          },
          {
            "hash": "2d44e05693afbf8ae26c18b3fe135ba43fc16fa8",
            "messageTitle": "Add equals test for DateTest",
            "messageBody": "",
            "insertions": 24,
            "deletions": 2
          },
          {
            "hash": "2737308f28b0e40ac1843c2c1ddfefff74e832ff",
            "messageTitle": "Add equals test for TagTest",
            "messageBody": "",
            "insertions": 23,
            "deletions": 0
          }
        ]
      },
      {
        "insertions": 647,
        "deletions": 161,
        "date": "2019-10-20",
        "commitResults": [
          {
            "hash": "cc52ac83fe02a28709670e9de93346ea903da43b",
            "messageTitle": "Make DeleteCommand great again",
            "messageBody": "",
            "insertions": 57,
            "deletions": 25
          },
          {
            "hash": "09f95e040976cb12d6dff12d4892d9b5ed023bd8",
            "messageTitle": "Remove SOPL",
            "messageBody": "",
            "insertions": 3,
            "deletions": 7
          },
          {
            "hash": "83ee2f76fb06eb6c1a7b536b86f9d584707e1a7f",
            "messageTitle": "Improve testability",
            "messageBody": "",
            "insertions": 94,
            "deletions": 69
          },
          {
            "hash": "94f74023aa2aaeaa4f01f139a2dbe71aabf6e0bb",
            "messageTitle": "Fix checkstyleTest errors",
            "messageBody": "",
            "insertions": 11,
            "deletions": 11
          },
          {
            "hash": "01b4340749695fd6299977dad1acb27718d27022",
            "messageTitle": "Improve testability",
            "messageBody": "",
            "insertions": 35,
            "deletions": 10
          },
          {
            "hash": "a2fc5733254817dd6243ee1134cfc3e17cb7cfb0",
            "messageTitle": "Enable undo",
            "messageBody": "",
            "insertions": 197,
            "deletions": 24
          },
          {
            "hash": "10b13886dad2565d07cc2d5c96fd928e66a58414",
            "messageTitle": "Improve test cases for redo/undo",
            "messageBody": "",
            "insertions": 194,
            "deletions": 8
          },
          {
            "hash": "dfcd937d2b07eb183efe3ec0368c1c71f94aedad",
            "messageTitle": "Resolve checkstyleMain error",
            "messageBody": "",
            "insertions": 11,
            "deletions": 1
          },
          {
            "hash": "356c0e73c861259c297f30545c6b458c3d3da58d",
            "messageTitle": "Setup RepoSense",
            "messageBody": "",
            "insertions": 39,
            "deletions": 0
          },
          {
            "hash": "1dece095ccae9c39d6e6313b04ca14fcd58fa020",
            "messageTitle": "Add new line at the end of file",
            "messageBody": "",
            "insertions": 1,
            "deletions": 1
          },
          {
            "hash": "36e9de6bd038e2ef85d646d66fc39f57fe56ce64",
            "messageTitle": "Update displayName for RepoSense",
            "messageBody": "",
            "insertions": 5,
            "deletions": 5
          }
        ]
      },
      {
        "insertions": 291,
        "deletions": 56,
        "date": "2019-10-21",
        "commitResults": [
          {
            "hash": "e9c7cb6de6a4d147ca964c9f2e9c869806665d80",
            "messageTitle": "Change product icon",
            "messageBody": "",
            "insertions": 42,
            "deletions": 41
          },
          {
            "hash": "f504ef31a5f1e6eba94edd28014d5fdd9cffb82e",
            "messageTitle": "Fix the InCommand and Transaction",
            "messageBody": "",
            "insertions": 10,
            "deletions": 3
          },
          {
            "hash": "7efa389a2fb3a5197f806bceb93ab15a45173909",
            "messageTitle": "Change PalPay icon",
            "messageBody": "",
            "insertions": 3,
            "deletions": 3
          },
          {
            "hash": "1678a563a1c1678e8f9b22467bc505ac545cf79d",
            "messageTitle": "Remove bank_building_32.png",
            "messageBody": "",
            "insertions": 0,
            "deletions": 0
          },
          {
            "hash": "f3c1d05c16ee9b5a96f7f733940599f1dc1dc7ba",
            "messageTitle": "Add SortCommand and relevant classes",
            "messageBody": "",
            "insertions": 236,
            "deletions": 9
          }
        ]
      },
      {
        "insertions": 248,
        "deletions": 99,
        "date": "2019-10-22",
        "commitResults": [
          {
            "hash": "49376a53e88fe17988197b42e8ff01d20d2c79c7",
            "messageTitle": "Update DeveloperGuide.adoc",
            "messageBody": "Standardize the naming convention for titles.\r\n\r\nStart writing the implementation of sort.",
            "insertions": 19,
            "deletions": 8
          },
          {
            "hash": "214668ddff86b62baabe26fb3889fcb73d824444",
            "messageTitle": "Correct the repoURL",
            "messageBody": "",
            "insertions": 1,
            "deletions": 1
          },
          {
            "hash": "54ff4878ff400271337ac61e35b8b6b6fd5eec26",
            "messageTitle": "Correct all repoURL to PalPay",
            "messageBody": "",
            "insertions": 42,
            "deletions": 29
          },
          {
            "hash": "4436b723b6f90f36a6e1991eb6511670e22e95f1",
            "messageTitle": "Update Developer Guide on sort command (Incomplete)",
            "messageBody": "",
            "insertions": 163,
            "deletions": 38
          },
          {
            "hash": "6b42559d31bb85f6c95a30158c89027ce37a4f7e",
            "messageTitle": "Change Sequential to Sequence",
            "messageBody": "",
            "insertions": 1,
            "deletions": 1
          },
          {
            "hash": "e244597cc8f3de6f48d3c9a526d16c0dc72a6ba8",
            "messageTitle": "Access User/Develop Guide from README again",
            "messageBody": "",
            "insertions": 3,
            "deletions": 4
          },
          {
            "hash": "085a3b852d15b74b4a7c5f917fb0f7020978aa17",
            "messageTitle": "Update version number to v1.2.1",
            "messageBody": "",
            "insertions": 1,
            "deletions": 1
          },
          {
            "hash": "c2fff917331c1da69970a1f125e35b8bd45f7a7b",
            "messageTitle": "Update archiveName for shadowJar",
            "messageBody": "",
            "insertions": 13,
            "deletions": 13
          },
          {
            "hash": "2a5cb2689a14de4915b919a41ea40a49e62233a2",
            "messageTitle": "Update archiveName for shadowJar to PalPay",
            "messageBody": "",
            "insertions": 5,
            "deletions": 4
          }
        ]
      },
      {
        "insertions": 1183,
        "deletions": 858,
        "date": "2019-10-23",
        "commitResults": [
          {
            "hash": "f52966fc6418961d9490c187f3c0f7971c6e4928",
            "messageTitle": "Fix bug where OutCommand is not processing tags/categories",
            "messageBody": "",
            "insertions": 1,
            "deletions": 1
          },
          {
            "hash": "609f6f6d2e8a59e1346ce24fa0ec8e996c927565",
            "messageTitle": "Fix bug where OutCommand was not taking in tags/categories and person/name",
            "messageBody": "",
            "insertions": 3,
            "deletions": 1
          },
          {
            "hash": "1ab47d7912bf441d636abaa3056568d5d849c225",
            "messageTitle": "Trying to refactor Tag into Category",
            "messageBody": "",
            "insertions": 300,
            "deletions": 299
          },
          {
            "hash": "f9c5b59e5aa7e207eb28a1ff337550dd09c4e412",
            "messageTitle": "Still refactoring all tags to categories",
            "messageBody": "",
            "insertions": 131,
            "deletions": 124
          },
          {
            "hash": "269c9d80f265ca0dfe8c693451ea2b59dcd216c3",
            "messageTitle": "Refactor almost all Tag to Category",
            "messageBody": "",
            "insertions": 365,
            "deletions": 342
          },
          {
            "hash": "e6d604d8d7c20dec19769ecad6151c87c95c9084",
            "messageTitle": "Refact comparators into a comparator package",
            "messageBody": "",
            "insertions": 14,
            "deletions": 10
          },
          {
            "hash": "374e4c51bf9af665c6ea2f4f699e289bf827aef5",
            "messageTitle": "Fix checkstyle errors",
            "messageBody": "",
            "insertions": 6,
            "deletions": 6
          },
          {
            "hash": "f930fff995eb0798f21f4bab91a270f028bd66ad",
            "messageTitle": "Able to read budget from bankaccount.json",
            "messageBody": "",
            "insertions": 58,
            "deletions": 14
          },
          {
            "hash": "d576aa5bdfb49f17ebaab01698cb802b5c5e0c7f",
            "messageTitle": "Add MainTabPanel to display multiple tabs",
            "messageBody": "",
            "insertions": 108,
            "deletions": 10
          },
          {
            "hash": "4c8973fc9256711aec916711390847ed672bf237",
            "messageTitle": "Able to switch tab (currently on to Transaction tab)",
            "messageBody": "",
            "insertions": 77,
            "deletions": 18
          },
          {
            "hash": "4b812391fd391e2ff0eee5951bed935b56e6a909",
            "messageTitle": "Fix checkstyle errors",
            "messageBody": "",
            "insertions": 28,
            "deletions": 12
          },
          {
            "hash": "2a596b0a7e71aea70e88c6966c2ad3dba72b28bd",
            "messageTitle": "Fix EOF error",
            "messageBody": "",
            "insertions": 1,
            "deletions": 1
          },
          {
            "hash": "8c6dc2b7278bab58e6728e2d8d9a058a85851193",
            "messageTitle": "Able to switch to different tabs now",
            "messageBody": "",
            "insertions": 68,
            "deletions": 20
          },
          {
            "hash": "10cac6011e338c323d14405e3c826c10bb9a0914",
            "messageTitle": "Simple test for ViewCommand",
            "messageBody": "",
            "insertions": 23,
            "deletions": 0
          }
        ]
      },
      {
        "insertions": 802,
        "deletions": 834,
        "date": "2019-10-24",
        "commitResults": [
          {
            "hash": "58b1dbeb2a7fc6a56a5458de7c848013dc2f2410",
            "messageTitle": "Update imagePath",
            "messageBody": "",
            "insertions": 3,
            "deletions": 3
          },
          {
            "hash": "0aab06fab33ab14d62ba7c3d8bedb2907aca077b",
            "messageTitle": "Add JsonBankAccountStorageTest and relevant files. Fix errors that came with it.",
            "messageBody": "",
            "insertions": 298,
            "deletions": 73
          },
          {
            "hash": "6c8a789c8bc97d79582c9b32bb12bfd32541a1d9",
            "messageTitle": "Remove JsonAdaptedAddressBookStorageTest",
            "messageBody": "",
            "insertions": 0,
            "deletions": 110
          },
          {
            "hash": "5b7ed8b06ba1c7e21e1d2c438c0887b084860d1b",
            "messageTitle": "Fix checkstyle errors",
            "messageBody": "",
            "insertions": 15,
            "deletions": 12
          },
          {
            "hash": "bd7e2af2b17e570ce0251ec122d7696a83545b5f",
            "messageTitle": "Add JsonSerializableBankAccountTest and relevant files.",
            "messageBody": "",
            "insertions": 150,
            "deletions": 22
          },
          {
            "hash": "c3480650839b9402a8c847f18b87cf5a78fcc6c9",
            "messageTitle": "Major refactoring again",
            "messageBody": "",
            "insertions": 335,
            "deletions": 613
          },
          {
            "hash": "3a54c012704b076ec4a807e22deb6a8e16cdb9a9",
            "messageTitle": "Fix EOF error",
            "messageBody": "",
            "insertions": 1,
            "deletions": 1
          }
        ]
      }
    ],
    "dingyuchen": [
      {
        "insertions": 111,
        "deletions": 14,
        "date": "2019-10-07",
        "commitResults": [
          {
            "hash": "bbc2ff4f3b373404571ebf4f5842702ad6193b0e",
            "messageTitle": "create incomplete classes for balance and bankaccount",
            "messageBody": "",
            "insertions": 15,
            "deletions": 0
          },
          {
            "hash": "960f43cfae64087eddc887214dcdb1b7cf14c28b",
            "messageTitle": "create incomplete class for transaction",
            "messageBody": "",
            "insertions": 15,
            "deletions": 0
          },
          {
            "hash": "ea63819dbed7f30bab75e5556adff8d84fd55175",
            "messageTitle": "create class for in and out transaction",
            "messageBody": "",
            "insertions": 71,
            "deletions": 14
          },
          {
            "hash": "bdaef04c2b0547f5e8be4043736fc03ef841213c",
            "messageTitle": "fix compile error",
            "messageBody": "",
            "insertions": 10,
            "deletions": 0
          }
        ]
      },
      {
        "insertions": 416,
        "deletions": 151,
        "date": "2019-10-13",
        "commitResults": [
          {
            "hash": "1408b3c774298e16361697626c5bcfd2efd00303",
            "messageTitle": "modify Model class to fit BankAccount",
            "messageBody": "",
            "insertions": 245,
            "deletions": 113
          },
          {
            "hash": "c11761ef77ceea65c6ea504865ee6d769e6c1184",
            "messageTitle": "add placeholder files for Storage classes",
            "messageBody": "",
            "insertions": 141,
            "deletions": 26
          },
          {
            "hash": "fef2e609f4a5b4115e107ff6aec638926277b30c",
            "messageTitle": "fix errors in `initModelManager`",
            "messageBody": "",
            "insertions": 30,
            "deletions": 12
          }
        ]
      },
      {
        "insertions": 250,
        "deletions": 62,
        "date": "2019-10-14",
        "commitResults": [
          {
            "hash": "22cfc27398c18df452b924d66cb847912fc238cc",
            "messageTitle": "fix references to Commands",
            "messageBody": "",
            "insertions": 51,
            "deletions": 56
          },
          {
            "hash": "8dbe684410e802d5a94a768092ce05f606642ead",
            "messageTitle": "make model return observable list",
            "messageBody": "",
            "insertions": 12,
            "deletions": 0
          },
          {
            "hash": "27c1c668c121263bf702253b440d05b9afd5df05",
            "messageTitle": "Fix UI",
            "messageBody": "",
            "insertions": 187,
            "deletions": 6
          }
        ]
      },
      {
        "insertions": 18,
        "deletions": 32,
        "date": "2019-10-15",
        "commitResults": [
          {
            "hash": "ced21e6e47b9b63a82bbce84658350a03032cb42",
            "messageTitle": "remove all unused imports",
            "messageBody": "",
            "insertions": 3,
            "deletions": 32
          },
          {
            "hash": "fc966a9aeb9883299de9dd3e006d0efdaa12adee",
            "messageTitle": "Fix issue #55",
            "messageBody": "",
            "insertions": 15,
            "deletions": 0
          }
        ]
      },
      {
        "insertions": 158,
        "deletions": 41,
        "date": "2019-10-20",
        "commitResults": [
          {
            "hash": "4aa3672c7ef9ba13738042b59f7afb57b2dd9230",
            "messageTitle": "Add new classes to support Split",
            "messageBody": "",
            "insertions": 92,
            "deletions": 23
          },
          {
            "hash": "292c5c867e89e1ba60621f67ccf16a2fd6c9cdc3",
            "messageTitle": "Complete SplitTransaction",
            "messageBody": "",
            "insertions": 10,
            "deletions": 6
          },
          {
            "hash": "13cd2909386e36e5c057ac9b1c8ec85427c8dc9b",
            "messageTitle": "Fix failing test cases",
            "messageBody": "",
            "insertions": 56,
            "deletions": 12
          }
        ]
      },
      {
        "insertions": 241,
        "deletions": 45,
        "date": "2019-10-21",
        "commitResults": [
          {
            "hash": "9607b0f1ade201c784b3aecc8c763527cb538bfa",
            "messageTitle": "Implement SplitCommandParser and fix checkstyle errors",
            "messageBody": "",
            "insertions": 222,
            "deletions": 41
          },
          {
            "hash": "6faf2e7434d06b91c534f8743c63d4cc7efd9d65",
            "messageTitle": "Add vscode files to gitignore",
            "messageBody": "",
            "insertions": 6,
            "deletions": 0
          },
          {
            "hash": "708eee747f8bfcd9f1fb5b5a93f5f3cf0f94b47b",
            "messageTitle": "Undo auto refactor",
            "messageBody": "",
            "insertions": 13,
            "deletions": 4
          }
        ]
      },
      {
        "insertions": 578,
        "deletions": 343,
        "date": "2019-10-22",
        "commitResults": [
          {
            "hash": "4fc9ebc2e7b7055f6447cc8597e8d43073574a4e",
            "messageTitle": "refactor transaction classes into Operations",
            "messageBody": "",
            "insertions": 235,
            "deletions": 194
          },
          {
            "hash": "fc32a59af7b805d1726b1d40b9c0f110d2259dfd",
            "messageTitle": "Fix failing tests",
            "messageBody": "",
            "insertions": 88,
            "deletions": 68
          },
          {
            "hash": "3f80b66dc7bd81a48b30e6bb63255deb4bb9b5bf",
            "messageTitle": "Extend Split functionality",
            "messageBody": "",
            "insertions": 120,
            "deletions": 14
          },
          {
            "hash": "3e607ca57e804e66a557ee690669e0a5d9a5619e",
            "messageTitle": "Refactor Split as a series of LendMoney payments",
            "messageBody": "",
            "insertions": 13,
            "deletions": 9
          },
          {
            "hash": "b0a02a3d3a034537d81b1d907ce6e960842d9ebe",
            "messageTitle": "Pass failing tests",
            "messageBody": "",
            "insertions": 75,
            "deletions": 51
          },
          {
            "hash": "a5a2530a0faffc26878973912cb6ed39d3eba219",
            "messageTitle": "Update user and developer guide for Split transactions",
            "messageBody": "",
            "insertions": 47,
            "deletions": 7
          }
        ]
      }
    ],
    "wallacelim97": [
      {
        "insertions": 130,
        "deletions": 3,
        "date": "2019-10-07",
        "commitResults": [
          {
            "hash": "97aded19086b65e2f94d1093e5afaf590618c9a0",
            "messageTitle": "add entry point to BankAccount",
            "messageBody": "",
            "insertions": 130,
            "deletions": 3
          }
        ]
      },
      {
        "insertions": 70,
        "deletions": 60,
        "date": "2019-10-14",
        "commitResults": [
          {
            "hash": "aa7ea2f419889a08e574675613abe84ac8217eca",
            "messageTitle": "Refactored StorageManager class to accomodate BankAccountStorage",
            "messageBody": "",
            "insertions": 19,
            "deletions": 20
          },
          {
            "hash": "d437157b59fbe31a8c60efc09269092213bce2a8",
            "messageTitle": "Fixed JsonAdaptedTransaction, BankAccount, UserPrefs classes to support json serialization",
            "messageBody": "",
            "insertions": 16,
            "deletions": 13
          },
          {
            "hash": "36bfa8d541c61c37985ed663b7f3b68592803d7a",
            "messageTitle": "Enabled entry point from MainApp (using in command)",
            "messageBody": "",
            "insertions": 4,
            "deletions": 5
          },
          {
            "hash": "680f6b8f728c6c5eeb0bf95a705e8ae6c16f9506",
            "messageTitle": "Inserted JSONSerialized stub for BankAccountStorage",
            "messageBody": "",
            "insertions": 5,
            "deletions": 2
          },
          {
            "hash": "9a2104dc9fb8bee5ae46b8af6943d5608bda1ffa",
            "messageTitle": "Fix Help Command with use of stubs",
            "messageBody": "",
            "insertions": 6,
            "deletions": 3
          },
          {
            "hash": "1131321b4a48406457e8173f85a00f0d9f1ae956",
            "messageTitle": "Fix JsonAdaptedTransaction class to parse doubles",
            "messageBody": "",
            "insertions": 8,
            "deletions": 4
          },
          {
            "hash": "72050f7f512733cd0d11fb3a7376ab41324e3e44",
            "messageTitle": "Fix checkstyle errors for JsonBankAccountStorage and SampleDataUtil classes",
            "messageBody": "",
            "insertions": 12,
            "deletions": 13
          }
        ]
      },
      {
        "insertions": 425,
        "deletions": 130,
        "date": "2019-10-19",
        "commitResults": [
          {
            "hash": "d9d7923de6eb8af2146c73f163bd089f7e1b33d0",
            "messageTitle": "Add scaffold for ProjectCommand",
            "messageBody": "",
            "insertions": 36,
            "deletions": 1
          },
          {
            "hash": "2e04be5841fddb448ea8f50b3770f7a5b727cb83",
            "messageTitle": "Add DateTime class + support for relevant parsing in ParserUtil class",
            "messageBody": "",
            "insertions": 80,
            "deletions": 1
          },
          {
            "hash": "b7856ee5577e2386e21cf95db4ed6f6ed516674c",
            "messageTitle": "Split DateTime class to Date and Time class, implemented Date class using DateTimeFormatter",
            "messageBody": "",
            "insertions": 215,
            "deletions": 105
          },
          {
            "hash": "35ddd57b2969b801dc194668da8057adfddb0f94",
            "messageTitle": "Scaffold projection feature",
            "messageBody": "",
            "insertions": 66,
            "deletions": 9
          },
          {
            "hash": "a7cfd972cfdf9c91c63dd86ef3cae589a33e57ab",
            "messageTitle": "Implement minimal project feature",
            "messageBody": "",
            "insertions": 23,
            "deletions": 9
          },
          {
            "hash": "9e68197698b8296c11df872c27f29a1f0c7e90c9",
            "messageTitle": "fixed errors in testutil.TransactionBuilder due to usage of deprecated Java Date class",
            "messageBody": "",
            "insertions": 5,
            "deletions": 5
          }
        ]
      },
      {
        "insertions": 1,
        "deletions": 1,
        "date": "2019-10-20",
        "commitResults": [
          {
            "hash": "e8be77d1abc93137f80277769d268424833956be",
            "messageTitle": "Correct List command success message",
            "messageBody": "",
            "insertions": 1,
            "deletions": 1
          }
        ]
      },
      {
        "insertions": 31,
        "deletions": 24,
        "date": "2019-10-21",
        "commitResults": [
          {
            "hash": "594217cb212d92ea46d5ea09a5f8ce3e3c4ec6aa",
            "messageTitle": "Fixed Date checking",
            "messageBody": "",
            "insertions": 19,
            "deletions": 12
          },
          {
            "hash": "46e9784b62fd25124ff2050de35a61cdfff0bbd4",
            "messageTitle": "Refactored CommandParser to Parser temporarily",
            "messageBody": "",
            "insertions": 12,
            "deletions": 12
          }
        ]
      },
      {
        "insertions": 105,
        "deletions": 1,
        "date": "2019-10-22",
        "commitResults": [
          {
            "hash": "6e3fe751ae1b21beba98952558886ae3520c4b57",
            "messageTitle": "Add Project Command to Developer Guide",
            "messageBody": "",
            "insertions": 104,
            "deletions": 0
          },
          {
            "hash": "f912e8d733fc13b09481b121815683b10ac5e55a",
            "messageTitle": "Fixed ProjectCommand Sequence Diagram not rendering properly",
            "messageBody": "",
            "insertions": 1,
            "deletions": 1
          },
          {
            "hash": "cab5c93faf89219f423023022516eb9968b55a47",
            "messageTitle": "renamed Project to Projcet.puml",
            "messageBody": "",
            "insertions": 0,
            "deletions": 0
          }
        ]
      },
      {
        "insertions": 41,
        "deletions": 8,
        "date": "2019-10-24",
        "commitResults": [
          {
            "hash": "b84b0dc948bb9735b65c1b1ad4424dacfbfe7db6",
            "messageTitle": "Add Future Enchancements + Design Considerations + Alternative Implementations to the Project feature in the Developer Guide",
            "messageBody": "",
            "insertions": 31,
            "deletions": 0
          },
          {
            "hash": "8d6f891ba442dee0b199b86965c2b6fee82f9175",
            "messageTitle": "Refactor Project.puml",
            "messageBody": "",
            "insertions": 4,
            "deletions": 4
          },
          {
            "hash": "d2580646aa9223f8ba963b594dfbf3877cfc177f",
            "messageTitle": "Changed PalPay icon",
            "messageBody": "",
            "insertions": 5,
            "deletions": 3
          },
          {
            "hash": "1cb2898a6b8b2899a236e248f9677a4fa1a05101",
            "messageTitle": "Overwrite PalPay icon",
            "messageBody": "",
            "insertions": 1,
            "deletions": 1
          }
        ]
      }
    ],
    "Berttwm": [
      {
        "insertions": 57,
        "deletions": 2,
        "date": "2019-10-08",
        "commitResults": [
          {
            "hash": "accda2b473bae82930e987c3b87c0d3ff74d4f8b",
            "messageTitle": "tentative SplitTranscation and SplitCommand created. (Not completed)",
            "messageBody": "",
            "insertions": 8,
            "deletions": 0
          },
          {
            "hash": "34a2f554224068aa74584dd6106afac92d711c51",
            "messageTitle": "Tentative SplitTransaction and SplitCommand created. (Not completed)",
            "messageBody": "",
            "insertions": 49,
            "deletions": 2
          }
        ]
      },
      {
        "insertions": 24,
        "deletions": 34,
        "date": "2019-10-14",
        "commitResults": [
          {
            "hash": "fdcac3c0537f33956730892e50c00364bfadeec1",
            "messageTitle": "JsonAdaptedTransaction toModelType() returns temporary InTransaction",
            "messageBody": "",
            "insertions": 6,
            "deletions": 25
          },
          {
            "hash": "55ee9a8fc03aa173630a9c31a24e6808411f6719",
            "messageTitle": "Update BankAccount hasTransaction() and BankAccount toModelType()",
            "messageBody": "",
            "insertions": 10,
            "deletions": 4
          },
          {
            "hash": "ff418eab5d404faa68952ff19c05cf97038874e7",
            "messageTitle": "Added Clear Command",
            "messageBody": "",
            "insertions": 8,
            "deletions": 5
          }
        ]
      },
      {
        "insertions": 16,
        "deletions": 31,
        "date": "2019-10-15",
        "commitResults": [
          {
            "hash": "70bc28aa97d7d83a099cf56fa48712b637fee56a",
            "messageTitle": "Checkstyle fix for EditCommand, BankAccount and UniqueTransactionList",
            "messageBody": "",
            "insertions": 8,
            "deletions": 27
          },
          {
            "hash": "27265440d262a64dc00657209028aefdb6010330",
            "messageTitle": "Testing ExitTest parameters (incomplete)",
            "messageBody": "",
            "insertions": 7,
            "deletions": 3
          },
          {
            "hash": "b88dfebb48fd4531ac3e36c00c6ccdac3b404910",
            "messageTitle": "ExitCommandTest fixed and working",
            "messageBody": "",
            "insertions": 1,
            "deletions": 1
          }
        ]
      },
      {
        "insertions": 116,
        "deletions": 11,
        "date": "2019-10-20",
        "commitResults": [
          {
            "hash": "a071fa937cec6fcb6efc0b724d10681b5cd9335b",
            "messageTitle": "Create OutCommand class",
            "messageBody": "",
            "insertions": 52,
            "deletions": 0
          },
          {
            "hash": "fbe0609d3af39b4806b247de4a41866a753e6584",
            "messageTitle": "OutCommandParser creation",
            "messageBody": "",
            "insertions": 56,
            "deletions": 0
          },
          {
            "hash": "c6124f53b6cc75383ce84bf284b57ee960ce884b",
            "messageTitle": "Added in OutCommand case to BankAccountParser",
            "messageBody": "",
            "insertions": 5,
            "deletions": 0
          },
          {
            "hash": "64d1ea503c3b43c50ae952a32646693820515d8c",
            "messageTitle": "Working OutCommand, returns negative value when OutCommand.",
            "messageBody": "",
            "insertions": 3,
            "deletions": 11
          }
        ]
      },
      {
        "insertions": 135,
        "deletions": 49,
        "date": "2019-10-21",
        "commitResults": [
          {
            "hash": "cf920c460b31a6a2c52e9a9f08866d002f9c1166",
            "messageTitle": "Added functionality to SplitCommand and SplitCommandParser. Added ParseNames as input to ParserUtil",
            "messageBody": "",
            "insertions": 57,
            "deletions": 1
          },
          {
            "hash": "ff08d81fe0e3166f388024ea431f247f4223d17e",
            "messageTitle": "Fix parseNames bug in ParserUtil",
            "messageBody": "",
            "insertions": 4,
            "deletions": 4
          },
          {
            "hash": "2d19936f205a5bb4a497cff6fa92bcf00c9d959e",
            "messageTitle": "SplitCommand fixes. Proper Invalid Command Format for SplitCommand",
            "messageBody": "",
            "insertions": 30,
            "deletions": 20
          },
          {
            "hash": "1e9c8a53449f8dc3695adba68b5bc0ef924b7c48",
            "messageTitle": "Proper checkstyle for SplitCommand usages",
            "messageBody": "",
            "insertions": 29,
            "deletions": 11
          },
          {
            "hash": "f0598cc2670b14b9e7e284964f0fa0ca0a67f160",
            "messageTitle": "Fix all conflicts with SplitCommand, Fix Checkstyle and imports",
            "messageBody": "",
            "insertions": 5,
            "deletions": 5
          },
          {
            "hash": "1494376f1f82f23bd7c680414655ff623d562972",
            "messageTitle": "Fix errors from Master merge",
            "messageBody": "",
            "insertions": 9,
            "deletions": 7
          },
          {
            "hash": "78cf085760bd066de6a36d73fcc7a018256ab5c0",
            "messageTitle": "gitignore file fix",
            "messageBody": "",
            "insertions": 1,
            "deletions": 1
          }
        ]
      },
      {
        "insertions": 11,
        "deletions": 16,
        "date": "2019-10-22",
        "commitResults": [
          {
            "hash": "57724930e2bfa923fa94515556451037722bb891",
            "messageTitle": "Update InCommand and OutCommand Message_Usage",
            "messageBody": "",
            "insertions": 11,
            "deletions": 16
          }
        ]
      },
      {
        "insertions": 828,
        "deletions": 201,
        "date": "2019-10-23",
        "commitResults": [
          {
            "hash": "74ba0bac5e2d07d237fc2d5def24cc8b7e8f1829",
            "messageTitle": "Create addTransaction field for Model/ModelManager. Working series of InCommandTest",
            "messageBody": "",
            "insertions": 93,
            "deletions": 51
          },
          {
            "hash": "ca5158f4893780687c44f43073a864166f037cfa",
            "messageTitle": "Checktyle on InCommandTest",
            "messageBody": "",
            "insertions": 40,
            "deletions": 38
          },
          {
            "hash": "d77412d2e2ad960720fc924f8d7c837205295b70",
            "messageTitle": "Finish InCommand equals Test and OutCommand Test",
            "messageBody": "",
            "insertions": 312,
            "deletions": 16
          },
          {
            "hash": "84bf7970348842fd810c0cbdcdea9c18b98defed",
            "messageTitle": "UpdateCommand first implementation : To change to editCommand eventually",
            "messageBody": "",
            "insertions": 158,
            "deletions": 12
          },
          {
            "hash": "e64595d022b5fff7ddb238de19af944fba398b34",
            "messageTitle": "Working UpdateCommand",
            "messageBody": "",
            "insertions": 126,
            "deletions": 33
          },
          {
            "hash": "ca27897164ead2a77000db99f8bee0af840fcd8a",
            "messageTitle": "Checkstyle and UpdateParser fix",
            "messageBody": "",
            "insertions": 60,
            "deletions": 31
          },
          {
            "hash": "8c8d73b9100347147cd97d4cff308d231236e1d8",
            "messageTitle": "Updatecommand fixed for out commands",
            "messageBody": "",
            "insertions": 17,
            "deletions": 5
          },
          {
            "hash": "0de1b3dd253037b9946a9e41140b5d793b7f1f72",
            "messageTitle": "UpdateCommand equals method",
            "messageBody": "",
            "insertions": 18,
            "deletions": 1
          },
          {
            "hash": "58d16c96de64aacd897730fac8f1863d9b44114c",
            "messageTitle": "UpdateCommand conditional statements comment",
            "messageBody": "",
            "insertions": 4,
            "deletions": 14
          }
        ]
      },
      {
        "insertions": 429,
        "deletions": 74,
        "date": "2019-10-24",
        "commitResults": [
          {
            "hash": "b49543d6a94e0488b7cbc133f5003f93ffca0f58",
            "messageTitle": "UpdateCommand updates andfixed OutTransaction to handle negative amounts",
            "messageBody": "",
            "insertions": 13,
            "deletions": 6
          },
          {
            "hash": "2a527bcf44aabd9bfe0e2bb7e7538801e9f6bcb4",
            "messageTitle": "Fix In/Out Transactions to take in duplicates. Fix JsonAdaptedTransactions to read negative amounts",
            "messageBody": "",
            "insertions": 247,
            "deletions": 10
          },
          {
            "hash": "82e54ff670696a7cc06e769e2ea7eead872a2619",
            "messageTitle": "Added in Transacton Feature",
            "messageBody": "",
            "insertions": 20,
            "deletions": 1
          },
          {
            "hash": "f48d5933f247898ffedcc4efa48d2edf06ec133d",
            "messageTitle": "Refactor for all Transactions to take in a new Description object",
            "messageBody": "",
            "insertions": 149,
            "deletions": 57
          }
        ]
      }
    ]
  },
  "authorFinalContributionMap": {
    "yewon0303": 1363,
    "joloong": 3588,
    "dingyuchen": 1216,
    "wallacelim97": 532,
    "Berttwm": 1235
  },
  "authorFileTypeContributionMap": {
    "yewon0303": {
      "adoc": 156,
      "adoc": 99,
      "puml": 3,
      "puml": 14,
      "puml": 11,
      "puml": 110,
      "puml": 10,
      "puml": 16,
      "java": 1,
      "java": 3,
      "java": 7,
      "java": 27,
      "java": 3,
      "java": 1,
      "java": 13,
      "java": 1,
      "java": 44,
      "java": 2,
      "java": 39,
      "java": 9,
      "java": 2,
      "java": 3,
      "java": 13,
      "java": 45,
      "java": 3,
      "java": 55,
      "java": 16,
      "java": 14,
      "java": 3,
      "java": 39,
      "java": 116,
      "java": 4,
      "java": 2,
      "java": 3,
      "java": 3,
      "java": 136,
      "java": 18,
      "java": 71,
      "java": 2,
      "java": 14,
      "java": 55,
      "java": 46,
      "java": 1,
      "java": 9,
      "java": 3,
      "java": 4,
      "fxml": 33,
      "fxml": 8,
      "fxml": 1,
      "fxml": 1,
      "fxml": 1,
      "fxml": 1,
      "fxml": 2,
      "fxml": 1,
      "fxml": 1,
      "fxml": 1,
      "java": 8,
      "java": 19,
      "java": 10,
      "java": 5,
      "java": 2,
      "java": 4,
      "java": 2,
      "java": 4,
      "java": 9,
      "fxml": 1
    },
    "joloong": {
      "adoc": 4,
      "json": 39,
      "gradle": 3,
      "adoc": 11,
      "adoc": 53,
      "adoc": 4,
      "adoc": 12,
      "adoc": 4,
      "adoc": 10,
      "puml": 82,
      "java": 6,
      "java": 2,
      "java": 3,
      "java": 1,
      "java": 4,
      "java": 4,
      "java": 1,
      "java": 23,
      "java": 9,
      "java": 18,
      "java": 1,
      "java": 50,
      "java": 1,
      "java": 1,
      "java": 23,
      "java": 2,
      "java": 4,
      "java": 2,
      "java": 30,
      "java": 3,
      "java": 36,
      "java": 5,
      "java": 30,
      "java": 23,
      "java": 28,
      "java": 13,
      "java": 5,
      "java": 6,
      "java": 30,
      "java": 1,
      "java": 15,
      "java": 33,
      "java": 16,
      "java": 4,
      "java": 16,
      "java": 5,
      "java": 33,
      "java": 15,
      "java": 36,
      "java": 60,
      "java": 38,
      "java": 46,
      "java": 1,
      "java": 10,
      "java": 109,
      "java": 58,
      "java": 13,
      "java": 58,
      "java": 2,
      "java": 14,
      "java": 16,
      "java": 26,
      "java": 19,
      "java": 8,
      "java": 55,
      "java": 44,
      "java": 12,
      "java": 11,
      "java": 7,
      "java": 7,
      "java": 10,
      "java": 3,
      "java": 1,
      "java": 11,
      "java": 14,
      "java": 10,
      "java": 82,
      "java": 17,
      "java": 63,
      "java": 4,
      "java": 4,
      "java": 44,
      "java": 44,
      "java": 56,
      "java": 4,
      "java": 4,
      "java": 1,
      "java": 9,
      "fxml": 1,
      "css": 2,
      "fxml": 41,
      "fxml": 36,
      "fxml": 11,
      "fxml": 1,
      "fxml": 1,
      "json": 32,
      "json": 14,
      "json": 23,
      "json": 14,
      "json": 62,
      "java": 15,
      "java": 1,
      "java": 34,
      "java": 12,
      "java": 9,
      "java": 20,
      "java": 32,
      "java": 30,
      "java": 58,
      "java": 2,
      "java": 2,
      "java": 72,
      "java": 12,
      "java": 2,
      "java": 59,
      "java": 6,
      "java": 2,
      "java": 47,
      "java": 43,
      "java": 23,
      "java": 8,
      "java": 4,
      "java": 1,
      "java": 1,
      "java": 31,
      "java": 35,
      "java": 17,
      "java": 116,
      "java": 62,
      "java": 43,
      "java": 62,
      "java": 65,
      "java": 6,
      "java": 2,
      "java": 4,
      "java": 82,
      "java": 171,
      "java": 4,
      "java": 115,
      "java": 51,
      "java": 4,
      "java": 14,
      "java": 31,
      "java": 6,
      "java": 8,
      "java": 9,
      "java": 6,
      "java": 79,
      "java": 3,
      "java": 8,
      "java": 66
    },
    "dingyuchen": {
      "gitignore": 6,
      "adoc": 20,
      "adoc": 16,
      "java": 15,
      "java": 17,
      "java": 13,
      "java": 2,
      "java": 4,
      "java": 1,
      "java": 4,
      "java": 4,
      "java": 4,
      "java": 3,
      "java": 5,
      "java": 21,
      "java": 2,
      "java": 2,
      "java": 1,
      "java": 2,
      "java": 1,
      "java": 55,
      "java": 1,
      "java": 56,
      "java": 66,
      "java": 46,
      "java": 31,
      "java": 31,
      "java": 5,
      "java": 15,
      "java": 27,
      "java": 1,
      "java": 9,
      "java": 34,
      "java": 9,
      "java": 23,
      "java": 19,
      "java": 9,
      "java": 17,
      "java": 35,
      "java": 10,
      "java": 39,
      "java": 35,
      "java": 71,
      "java": 15,
      "java": 11,
      "java": 97,
      "java": 10,
      "java": 20,
      "java": 1,
      "java": 12,
      "java": 4,
      "java": 2,
      "java": 2,
      "java": 1,
      "java": 9,
      "java": 53,
      "java": 42,
      "fxml": 1,
      "fxml": 33,
      "fxml": 7,
      "java": 1,
      "java": 4,
      "java": 3,
      "java": 1,
      "java": 25,
      "java": 35,
      "java": 2,
      "java": 2,
      "java": 2,
      "java": 1,
      "java": 1,
      "java": 4,
      "java": 3,
      "java": 4,
      "java": 21
    },
    "wallacelim97": {
      "adoc": 43,
      "puml": 93,
      "java": 3,
      "java": 4,
      "java": 19,
      "java": 1,
      "java": 38,
      "java": 8,
      "java": 35,
      "java": 3,
      "java": 31,
      "java": 16,
      "java": 38,
      "java": 5,
      "java": 1,
      "java": 48,
      "java": 2,
      "java": 2,
      "java": 1,
      "java": 62,
      "java": 54,
      "java": 6,
      "java": 1,
      "java": 16,
      "java": 2
    },
    "Berttwm": {
      "adoc": 13,
      "adoc": 5,
      "java": 1,
      "java": 1,
      "java": 1,
      "java": 3,
      "java": 53,
      "java": 1,
      "java": 1,
      "java": 1,
      "java": 22,
      "java": 191,
      "java": 33,
      "java": 3,
      "java": 52,
      "java": 15,
      "java": 1,
      "java": 3,
      "java": 60,
      "java": 9,
      "java": 6,
      "java": 8,
      "java": 15,
      "java": 2,
      "java": 1,
      "java": 39,
      "java": 7,
      "java": 4,
      "java": 16,
      "java": 4,
      "java": 4,
      "java": 11,
      "java": 13,
      "java": 11,
      "java": 6,
      "java": 19,
      "java": 3,
      "java": 1,
      "java": 84,
      "java": 273,
      "java": 159,
      "java": 11,
      "java": 69
    }
  },
  "authorContributionVariance": {
    "yewon0303": 25568.463,
    "joloong": 231694.42,
    "dingyuchen": 39076.88,
    "wallacelim97": 10485.724,
    "Berttwm": 39940.69
  },
  "authorDisplayNameMap": {
    "yewon0303": "PARK... E WON",
    "joloong": "LOONG ...JOEL",
    "dingyuchen": "DING... UCHEN",
    "wallacelim97": "WALLA ... E LIM",
    "Berttwm": "TAN W ... TRAND"
  }
}
